"last_name, first_name",player_id,team_id,team,position,age,competitive_runs,bolts,hp_to_1b,sprint_speed
"De La Cruz, Elly",682829,113,CIN,SS,21,162,84.0,4.13,30.5
"Witt Jr., Bobby",677951,118,KC,SS,23,262,149.0,4.12,30.5
"Blanco, Dairon",680118,118,KC,RF,30,55,31.0,4.15,30.3
"Turner, Trea",607208,143,PHI,SS,30,288,115.0,4.14,30.3
"Mateo, Jorge",622761,110,BAL,SS,28,125,50.0,4.2,30.1
"Carroll, Corbin",682998,109,AZ,RF,22,298,133.0,4.08,30.1
"Perkins, Blake",663368,158,MIL,RF,26,58,22.0,4.14,30.0
"Young, Jacob",696285,120,WSH,CF,23,55,24.0,4.15,30.0
"McCarthy, Jake",664983,109,AZ,RF,25,140,57.0,4.18,30.0
"Doyle, Brenton",686668,115,COL,CF,25,149,57.0,4.23,29.9
"Hampson, Garrett",641658,146,MIA,SS,28,83,32.0,4.21,29.8
"Siri, Jose",642350,139,TB,CF,27,97,31.0,4.16,29.7
"Bae, Ji Hwan",678225,134,PIT,2B,23,169,58.0,4.05,29.7
"Ruiz, Esteury",665923,133,OAK,CF,24,199,63.0,4.34,29.6
"Carter, Evan",694497,140,TEX,LF,20,65,19.0,4.12,29.6
"Rodríguez, Julio",677594,136,SEA,CF,22,281,81.0,4.28,29.6
"Rojas, Johan",679032,143,PHI,CF,22,82,23.0,4.26,29.5
"Duran, Jarren",680776,111,BOS,CF,26,147,38.0,4.15,29.5
"Trout, Mike",545361,108,LAA,CF,31,79,20.0,4.32,29.5
"Peña, Jeremy",665161,117,HOU,SS,25,287,62.0,4.28,29.4
"Turang, Brice",668930,158,MIL,2B,23,150,32.0,4.19,29.4
"Rosario, Amed",642708,119,LAD,SS,27,256,42.0,4.23,29.4
"Peguero, Liover",678894,134,PIT,SS,22,69,9.0,4.32,29.3
"Berti, Jon",542932,146,MIA,SS,33,215,27.0,4.3,29.3
"Thomas, Lane",657041,120,WSH,RF,27,248,46.0,4.39,29.3
"Buxton, Byron",621439,142,MIN,DH,29,95,19.0,4.17,29.3
"Tatis Jr., Fernando",665487,135,SD,RF,24,217,32.0,4.32,29.3
"Sosa, Edmundo",624641,143,PHI,3B,27,117,15.0,4.37,29.2
"Giménez, Andrés",665926,114,CLE,2B,24,245,40.0,4.18,29.2
"Fairchild, Stuart",656413,113,CIN,LF,27,87,2.0,4.28,29.2
"Straw, Myles",664702,114,CLE,CF,28,200,38.0,4.14,29.2
"Meyers, Jake",676694,117,HOU,CF,27,119,3.0,4.32,29.2
"Taveras, Leody",665750,140,TEX,CF,24,240,43.0,4.24,29.1
"Vierling, Matt",663837,116,DET,RF,26,221,8.0,4.39,29.1
"Marte, Noelvi",682622,113,CIN,3B,21,58,3.0,4.3,29.1
"Duran, Ezequiel",677649,140,TEX,SS,24,152,17.0,4.27,29.1
"Gelof, Zack",680869,133,OAK,2B,23,100,11.0,4.37,29.0
"Baddoo, Akil",668731,116,DET,LF,24,127,10.0,4.09,29.0
"Miller, Owen",680911,158,MIL,2B,26,105,9.0,4.35,29.0
"McLain, Matt",680574,113,CIN,SS,23,141,9.0,4.23,29.0
"Caballero, José",676609,136,SEA,2B,26,82,5.0,4.22,29.0
"Jankowski, Travis",608671,140,TEX,LF,32,144,22.0,4.24,29.0
"Wiemer, Joey",686894,158,MIL,CF,24,156,,4.27,28.9
"Outman, James",681546,119,LAD,CF,26,176,7.0,4.24,28.9
"Westburg, Jordan",676059,110,BAL,2B,24,85,1.0,4.35,28.9
"Edman, Tommy",669242,138,STL,SS,28,212,7.0,4.24,28.8
"Stott, Bryson",681082,143,PHI,2B,25,259,18.0,4.23,28.8
"Benson, Will",666181,113,CIN,RF,25,95,3.0,4.38,28.8
"Kiermaier, Kevin",595281,141,TOR,CF,33,195,,4.22,28.8
"Pollock, AJ",572041,137,SF,LF,35,52,1.0,4.34,28.8
"Thomas, Alek",677950,109,AZ,CF,23,224,,4.2,28.8
"Call, Alex",669743,120,WSH,CF,28,155,,4.29,28.8
"Harris II, Michael",671739,144,ATL,CF,22,226,14.0,4.24,28.8
"Raley, Luke",670042,139,TB,RF,28,124,5.0,4.31,28.8
"Gonzales, Nick",693304,134,PIT,2B,24,56,1.0,4.37,28.8
"Story, Trevor",596115,111,BOS,SS,30,52,2.0,4.32,28.8
"Taylor, Tyrone",621438,158,MIL,RF,29,100,3.0,4.4,28.8
"Henderson, Gunnar",683002,110,BAL,SS,22,241,9.0,4.23,28.8
"Merrifield, Whit",593160,141,TOR,LF,34,218,2.0,4.3,28.8
"Bader, Harrison",664056,113,CIN,CF,29,119,10.0,4.32,28.8
"Lowe, Josh",666139,139,TB,RF,25,186,13.0,4.23,28.7
"Peraza, Oswald",672724,147,NYY,3B,23,72,3.0,4.39,28.7
"McKenna, Ryan",663630,110,BAL,CF,26,50,2.0,4.24,28.7
"Semien, Marcus",543760,140,TEX,2B,32,276,4.0,4.42,28.7
"Taylor, Michael A.",572191,142,MIN,CF,32,120,9.0,4.27,28.7
"Waters, Drew",671221,118,KC,CF,24,95,,4.3,28.7
"Robert Jr., Luis",673357,145,CWS,CF,25,179,22.0,4.37,28.7
"Tapia, Raimel",606132,139,TB,RF,29,70,8.0,4.26,28.7
"Moniak, Mickey",666160,108,LAA,CF,25,81,2.0,4.32,28.6
"Realmuto, J.T.",592663,143,PHI,C,32,179,1.0,4.36,28.6
"Mastrobuoni, Miles",670156,112,CHC,3B,27,51,,4.29,28.6
"Olivares, Edward",658668,118,KC,LF,27,161,3.0,4.44,28.6
"Morel, Christopher",666624,112,CHC,DH,24,138,5.0,4.42,28.6
"Freeman, Tyler",671289,114,CLE,3B,24,78,,4.4,28.6
"Abrams, CJ",682928,120,WSH,SS,22,222,13.0,4.22,28.6
"Castro, Willi",650489,142,MIN,LF,26,148,,4.28,28.6
"Marsh, Brandon",669016,143,PHI,CF,25,169,6.0,4.31,28.6
"Hernández, Teoscar",606192,136,SEA,RF,30,208,5.0,4.33,28.6
"Frelick, Sal",686217,158,MIL,CF,23,100,15.0,4.18,28.6
"Batten, Matthew",676946,135,SD,3B,28,50,2.0,4.29,28.6
"Suwinski, Jack",669261,134,PIT,CF,24,138,2.0,4.28,28.6
"McKinstry, Zach",656716,116,DET,2B,28,170,2.0,4.25,28.5
"Walker, Jordan",691023,138,STL,RF,21,163,4.0,4.47,28.5
"Hoerner, Nico",663538,112,CHC,2B,26,320,4.0,4.31,28.5
"O'Neill, Tyler",641933,138,STL,LF,28,82,5.0,4.36,28.5
"Chapman, Matt",656305,141,TOR,3B,30,176,2.0,4.43,28.5
"Smith, Josh",669701,140,TEX,3B,25,70,3.0,4.29,28.5
"Suzuki, Seiya",673548,112,CHC,RF,28,181,5.0,4.34,28.5
"Kim, Ha-Seong",673490,135,SD,2B,27,217,1.0,4.33,28.5
"Garrett, Stone",656448,120,WSH,LF,27,79,4.0,4.46,28.5
"Arozarena, Randy",668227,139,TB,LF,28,210,11.0,4.25,28.4
"Jones, Nolan",666134,115,COL,LF,25,158,,4.41,28.4
"Langeliers, Shea",669127,133,OAK,C,25,134,,4.51,28.4
"Volpe, Anthony",683011,147,NYY,SS,22,193,,4.4,28.4
"Remillard, Zach",621545,145,CWS,2B,29,57,,4.47,28.4
"Julks, Corey",667452,117,HOU,LF,27,103,2.0,4.36,28.4
"McCutchen, Andrew",457705,134,PIT,DH,36,152,2.0,4.44,28.4
"Steer, Spencer",668715,113,CIN,1B,25,230,,4.44,28.4
"Chisholm Jr., Jazz",665862,146,MIA,CF,25,117,10.0,4.15,28.4
"Triolo, Jared",669707,134,PIT,3B,25,70,,4.37,28.4
"Swanson, Dansby",621020,112,CHC,SS,29,217,9.0,4.29,28.4
"Biggio, Cavan",624415,141,TOR,2B,28,95,,4.4,28.3
"Wong, Connor",657136,111,BOS,C,27,144,,4.41,28.3
"Brennan, Will",686823,114,CLE,RF,25,218,,4.33,28.3
"Bellinger, Cody",641355,112,CHC,CF,27,185,1.0,4.14,28.3
"Margot, Manuel",622534,139,TB,CF,28,148,1.0,4.31,28.3
"Senzel, Nick",669222,113,CIN,3B,28,104,,4.51,28.3
"Friedl, TJ",670770,113,CIN,CF,27,198,6.0,4.27,28.3
"Taylor, Chris",621035,119,LAD,LF,32,113,,4.34,28.3
"Cronenworth, Jake",630105,135,SD,1B,29,167,1.0,4.32,28.3
"Mountcastle, Ryan",663624,110,BAL,1B,26,169,,4.43,28.2
"Garcia, Maikel",672580,118,KC,3B,23,192,6.0,4.44,28.2
"Lewis, Royce",668904,142,MIN,3B,24,85,,4.35,28.2
"Walls, Taylor",670764,139,TB,2B,26,107,,4.31,28.2
"Davis, Henry",680779,134,PIT,RF,23,79,,4.49,28.2
"Palacios, Joshua",641943,134,PIT,RF,27,88,,4.28,28.2
"Pillar, Kevin",607680,144,ATL,LF,34,55,1.0,4.42,28.2
"McCormick, Chas",676801,117,HOU,CF,28,130,1.0,4.31,28.2
"Lindor, Francisco",596019,121,NYM,SS,29,191,1.0,4.35,28.1
"Greene, Riley",682985,116,DET,CF,22,165,1.0,4.26,28.1
"Báez, Javier",595879,116,DET,SS,30,227,,4.4,28.1
"Yelich, Christian",592885,158,MIL,LF,31,279,14.0,4.35,28.1
"Kwan, Steven",680757,114,CLE,LF,25,334,3.0,4.22,28.1
"Alu, Jake",666906,120,WSH,LF,26,62,,4.37,28.1
"Dubón, Mauricio",643289,117,HOU,2B,28,229,1.0,4.26,28.1
"Short, Zack",670097,116,DET,2B,28,68,,4.37,28.1
"Varsho, Daulton",662139,141,TOR,LF,26,165,2.0,4.33,28.1
"Carpenter, Kerry",681481,116,DET,RF,25,163,,4.32,28.1
"Riley, Austin",663586,144,ATL,3B,26,240,,4.5,28.1
"Ahmed, Nick",605113,109,AZ,SS,33,70,,4.44,28.1
"Tovar, Ezequiel",678662,115,COL,SS,21,230,1.0,4.38,28.1
"Kelenic, Jarred",672284,136,SEA,LF,23,128,1.0,4.35,28.0
"Estrada, Thairo",642731,137,SF,2B,27,206,,4.33,28.1
"Schmitt, Casey",669477,137,SF,SS,24,90,,4.5,28.0
"Newman, Kevin",621028,113,CIN,3B,29,101,,4.42,28.0
"Fraley, Jake",641584,113,CIN,RF,28,137,,4.24,28.0
"Arias, Gabriel",672356,114,CLE,SS,23,128,,4.44,28.0
"Monasterio, Andruw",655316,158,MIL,3B,26,104,,4.4,28.0
"Gonzalez, Oscar",660757,114,CLE,RF,25,75,,4.44,28.0
"Peterson, Jace",607054,109,AZ,3B,33,129,,4.33,28.0
"Acuña Jr., Ronald",660670,144,ATL,RF,25,296,18.0,4.35,28.0
"Wallner, Matt",670242,142,MIN,LF,25,68,,4.34,28.0
"Haase, Eric",606992,114,CLE,C,30,106,,4.53,28.0
"Burger, Jake",669394,146,MIA,3B,27,186,,4.44,28.0
"Mullins, Cedric",656775,110,BAL,CF,28,133,1.0,4.26,28.0
"Nimmo, Brandon",607043,121,NYM,CF,30,250,2.0,4.27,28.0
"Robles, Victor",645302,120,WSH,CF,26,51,6.0,4.43,28.0
"Ward, Taylor",621493,108,LAA,LF,29,135,4.0,4.49,28.0
"Rosario, Eddie",592696,144,ATL,LF,31,158,,4.3,28.0
"Madrigal, Nick",663611,112,CHC,3B,26,165,,4.27,28.0
"Reyes, Pablo",622569,111,BOS,SS,29,67,,4.38,27.9
"Allen, Nick",669397,133,OAK,SS,24,153,,4.38,27.9
"Vargas, Miguel",678246,119,LAD,2B,23,93,,4.32,27.9
"Laureano, Ramón",657656,114,CLE,RF,28,122,,4.4,27.9
"O'Hoppe, Logan",681351,108,LAA,C,23,51,,4.47,27.9
"Cabrera, Oswaldo",665828,147,NYY,LF,24,120,,4.42,27.8
"Canha, Mark",592192,158,MIL,LF,34,195,,4.44,27.8
"Ramírez, Harold",623912,139,TB,DH,28,193,,4.36,27.8
"India, Jonathan",663697,113,CIN,2B,26,177,,4.49,27.8
"Ohtani, Shohei",660271,108,LAA,DH,28,184,,4.16,27.8
"Nootbaar, Lars",663457,138,STL,CF,25,202,,4.3,27.8
"Ramírez, José",608070,114,CLE,3B,30,236,,4.38,27.8
"Grossman, Robbie",543257,140,TEX,DH,33,128,,4.36,27.8
"Wendle, Joey",621563,146,MIA,SS,33,144,,4.28,27.8
"Rodríguez, Endy",682848,134,PIT,C,23,66,,4.29,27.8
"Pham, Tommy",502054,109,AZ,LF,35,204,,4.52,27.8
"Springer, George",543807,141,TOR,RF,33,242,1.0,4.41,27.8
"Happ, Ian",664023,112,CHC,LF,28,226,,4.32,27.7
"Wisdom, Patrick",621550,112,CHC,3B,31,66,,4.48,27.7
"Reynolds, Bryan",668804,134,PIT,LF,28,226,,4.44,27.8
"Slater, Austin",596103,137,SF,CF,30,74,,4.51,27.7
"O'Hearn, Ryan",656811,110,BAL,1B,29,145,,4.46,27.7
"Matos, Luis",682641,137,SF,CF,21,119,,4.43,27.7
"Grisham, Trent",663757,135,SD,CF,26,152,1.0,4.47,27.7
"De La Cruz, Bryan",650559,146,MIA,LF,26,219,,4.47,27.7
"Neto, Zach",687263,108,LAA,SS,22,109,,4.44,27.7
"Kiner-Falefa, Isiah",643396,147,NYY,CF,28,149,,4.37,27.7
"Lopez, Nicky",670032,144,ATL,2B,28,134,,4.24,27.7
"Arroyo, Christian",624414,111,BOS,2B,28,82,,4.43,27.7
"Marte, Ketel",606466,109,AZ,2B,29,275,3.0,4.37,27.7
"Bogaerts, Xander",593428,135,SD,SS,30,287,,4.38,27.6
"Sosa, Lenyn",672820,145,CWS,2B,23,58,,4.62,27.6
"Carlson, Dylan",666185,138,STL,CF,24,82,,4.39,27.6
"Cave, Jake",595909,143,PHI,LF,30,66,,4.39,27.6
"Marcano, Tucupita",672779,134,PIT,SS,23,71,,4.33,27.6
"Isbel, Kyle",664728,118,KC,CF,26,126,,4.35,27.6
"Duvall, Adam",594807,111,BOS,CF,34,74,,4.52,27.6
"Fortes, Nick",663743,146,MIA,C,26,122,,4.44,27.6
"Diaz, Yainer",673237,117,HOU,C,24,144,,4.43,27.6
"Encarnacion-Strand, Christian",687952,113,CIN,1B,23,64,,4.52,27.6
"Adames, Willy",642715,158,MIL,SS,27,176,,4.43,27.6
"Melendez, MJ",669004,118,KC,RF,24,162,,4.25,27.6
"Polanco, Jorge",593871,142,MIN,2B,29,83,,4.34,27.6
"Albies, Ozzie",645277,144,ATL,2B,26,239,1.0,4.21,27.6
"Blackmon, Charlie",453568,115,COL,DH,36,152,,4.4,27.6
"Harper, Bryce",547180,143,PHI,DH,30,199,,4.42,27.6
"Franco, Wander",677551,139,TB,SS,22,186,,4.34,27.5
"Sánchez, Jesús",660821,146,MIA,RF,25,160,,4.44,27.5
"Candelario, Jeimer",600869,112,CHC,3B,29,209,,4.45,27.5
"Hays, Austin",669720,110,BAL,LF,27,216,,4.42,27.4
"Bethancourt, Christian",542194,139,TB,C,31,134,,4.51,27.4
"Grichuk, Randal",545341,108,LAA,LF,31,183,,4.59,27.4
"Sabol, Blake",666165,137,SF,C,25,113,,4.4,27.4
"Segura, Jean",516416,146,MIA,3B,33,151,,4.35,27.4
"Kepler, Max",596146,142,MIN,RF,30,152,,4.35,27.4
"Naylor, Bo",666310,114,CLE,C,23,67,,4.34,27.4
"Rengifo, Luis",650859,108,LAA,2B,26,175,,4.34,27.4
"McNeil, Jeff",643446,121,NYM,2B,31,238,1.0,4.15,27.4
"Torkelson, Spencer",679529,116,DET,1B,23,203,,4.6,27.4
"Lowe, Brandon",664040,139,TB,2B,28,117,2.0,4.33,27.3
"García, Adolis",666969,140,TEX,RF,30,202,2.0,4.46,27.3
"Castro, Rodolfo",666801,143,PHI,SS,24,90,,4.48,27.3
"Brown, Seth",664913,133,OAK,RF,30,113,,4.58,27.3
"Verdugo, Alex",657077,111,BOS,RF,27,260,,4.34,27.3
"Massey, Michael",686681,118,KC,2B,25,125,,4.44,27.3
"Tauchman, Mike",643565,112,CHC,CF,32,149,,4.39,27.3
"Hicks, Aaron",543305,110,BAL,CF,33,111,,4.33,27.3
"Benintendi, Andrew",643217,145,CWS,LF,28,216,,4.43,27.3
"Lowe, Nathaniel",663993,140,TEX,1B,27,289,,4.38,27.3
"Baty, Brett",683146,121,NYM,3B,23,142,,4.39,27.3
"Noda, Ryan",676116,133,OAK,1B,27,138,,4.48,27.3
"Bauers, Jake",641343,147,NYY,RF,27,75,,4.42,27.3
"Velázquez, Nelson",676369,118,KC,RF,24,58,,4.54,27.2
"Kirilloff, Alex",666135,142,MIN,1B,25,101,,4.41,27.2
"Betts, Mookie",605141,119,LAD,RF,30,209,,4.47,27.2
"Maton, Nick",665155,116,DET,3B,26,86,,4.48,27.2
"García Jr., Luis",671277,120,WSH,2B,23,227,,4.27,27.2
"Perdomo, Geraldo",672695,109,AZ,SS,23,199,1.0,4.45,27.2
"Ibáñez, Andy",628451,116,DET,2B,30,160,,4.43,27.2
"Ortega, Rafael",542364,121,NYM,CF,32,51,,4.49,27.2
"Anderson, Tim",641313,145,CWS,SS,30,236,11.0,4.52,27.2
"Gurriel, Yuli",493329,146,MIA,1B,39,133,,4.47,27.2
"Rogers, Jake",668670,116,DET,C,28,108,,4.67,27.2
"Castellanos, Nick",592206,143,PHI,RF,31,230,,4.52,27.2
"Moreno, Gabriel",672515,109,AZ,C,23,192,,4.4,27.2
"Smith, Will",669257,119,LAD,C,28,184,,4.49,27.2
"Bleday, JJ",668709,133,OAK,LF,25,91,,4.5,27.2
"Donovan, Brendan",680977,138,STL,2B,26,138,,4.4,27.1
"Jansen, Danny",643376,141,TOR,C,28,83,,4.57,27.1
"Escobar, Eduardo",500871,108,LAA,3B,34,99,,4.4,27.1
"Rivera, Emmanuel",656896,109,AZ,3B,27,120,,4.64,27.1
"Hayes, Ke'Bryan",663647,134,PIT,3B,26,189,,4.52,27.1
"Heyward, Jason",518792,119,LAD,RF,33,134,,4.45,27.1
"Bichette, Bo",666182,141,TOR,SS,25,241,,4.52,27.1
"Joe, Connor",656582,134,PIT,1B,30,155,,4.56,27.1
"Marte, Starling",516782,121,NYM,RF,34,129,2.0,4.37,27.1
"Rooker, Brent",667670,133,OAK,DH,28,121,,4.62,27.1
"Gurriel Jr., Lourdes",666971,109,AZ,LF,29,250,,4.5,27.1
"Refsnyder, Rob",608701,111,BOS,LF,32,82,,4.47,27.1
"Fermin, Freddy",666023,118,KC,C,28,82,,4.59,27.1
"Duffy, Matt",622110,118,KC,3B,32,87,,4.6,27.0
"Julien, Edouard",666397,142,MIN,2B,24,133,,4.39,27.0
"Rutschman, Adley",668939,110,BAL,C,25,256,,4.41,27.0
"Vargas, Ildemaro",545121,120,WSH,3B,31,153,,4.44,27.0
"Yastrzemski, Mike",573262,137,SF,CF,32,104,,4.37,27.0
"Raleigh, Cal",663728,136,SEA,C,26,126,,4.56,27.0
"Peralta, David",444482,119,LAD,LF,35,195,,4.52,27.0
"Colás, Oscar",693049,145,CWS,RF,24,92,,4.43,27.0
"Drury, Brandon",592273,108,LAA,2B,30,185,,4.56,26.9
"Altuve, Jose",514888,117,HOU,2B,33,185,11.0,4.32,26.9
"Stephenson, Tyler",663886,113,CIN,C,26,172,,4.62,26.9
"Hernández, Enrique",571771,119,LAD,SS,31,172,,4.59,26.9
"Schoop, Jonathan",570731,116,DET,3B,31,55,,4.68,26.9
"Muncy, Max",571970,119,LAD,3B,32,134,,4.51,26.9
"Espinal, Santiago",669289,141,TOR,2B,28,113,,4.43,26.9
"Soto, Juan",665742,135,SD,LF,24,241,,4.39,26.8
"DeJong, Paul",657557,137,SF,SS,29,102,,4.62,26.8
"Jung, Josh",673962,140,TEX,3B,25,184,,4.59,26.8
"Schanuel, Nolan",694384,108,LAA,1B,21,60,,4.37,26.8
"Renfroe, Hunter",592669,113,CIN,RF,31,176,,4.65,26.8
"Larnach, Trevor",663616,142,MIN,LF,26,53,,4.51,26.7
"Contreras, Willson",575929,138,STL,C,31,172,,4.54,26.7
"Crawford, J.P.",641487,136,SEA,SS,28,188,,4.55,26.7
"Rojas, Josh",668942,136,SEA,3B,29,111,,4.45,26.7
"Urías, Ramón",602104,110,BAL,3B,29,174,,4.62,26.7
"Wong, Kolten",543939,119,LAD,2B,32,76,1.0,4.44,26.7
"Judge, Aaron",592450,147,NYY,RF,31,90,,4.79,26.7
"Freeman, Freddie",518692,119,LAD,1B,33,268,,4.53,26.7
"Canzone, Dominic",686527,136,SEA,LF,25,60,,4.42,26.7
"Santander, Anthony",623993,110,BAL,RF,28,182,,4.65,26.7
"Haniger, Mitch",571745,137,SF,LF,32,73,,4.59,26.7
"Miranda, Jose",669304,142,MIN,3B,25,60,,4.51,26.6
"Correa, Carlos",621043,142,MIN,SS,28,204,,4.61,26.6
"Dickerson, Corey",572816,120,WSH,LF,34,65,,4.38,26.6
"Tucker, Kyle",663656,117,HOU,RF,26,215,,4.51,26.6
"Bohm, Alec",664761,143,PHI,3B,26,262,,4.65,26.6
"Díaz, Yandy",650490,139,TB,1B,31,242,,4.61,26.6
"Montero, Elehuris",660707,115,COL,1B,24,106,,4.63,26.6
"Soler, Jorge",624585,146,MIA,DH,31,159,,4.76,26.6
"Gallo, Joey",608336,142,MIN,LF,29,68,,4.69,26.6
"Farmer, Kyle",571657,142,MIN,3B,32,127,,4.58,26.5
"Frazier, Adam",624428,110,BAL,2B,31,176,,4.5,26.5
"Sheets, Gavin",657757,145,CWS,RF,27,110,,4.57,26.5
"Jiménez, Eloy",650391,145,CWS,DH,26,190,,4.6,26.5
"Rendon, Anthony",543685,108,LAA,3B,33,54,,4.62,26.5
"Jeffers, Ryan",680777,142,MIN,C,26,91,,4.68,26.5
"Andrus, Elvis",462101,145,CWS,2B,34,198,,4.57,26.5
"Contreras, William",661388,158,MIL,C,25,249,,4.49,26.5
"Barnes, Austin",605131,119,LAD,C,33,76,,4.68,26.5
"Castro, Harold",605612,115,COL,2B,29,106,,4.44,26.5
"Gorman, Nolan",669357,138,STL,2B,23,98,,4.46,26.5
"Moncada, Yoán",660162,145,CWS,3B,28,113,,4.6,26.4
"Ozuna, Marcell",542303,144,ATL,DH,32,189,,4.74,26.4
"Rojas, Miguel",500743,119,LAD,SS,34,174,,4.57,26.4
"Valdez, Enmanuel",665839,111,BOS,2B,24,58,,4.58,26.4
"Delay, Jason",641511,134,PIT,C,28,76,,4.65,26.4
"Bryant, Kris",592178,115,COL,RF,31,105,,4.59,26.4
"Guerrero Jr., Vladimir",665489,141,TOR,1B,24,242,,4.62,26.4
"Trejo, Alan",676701,115,COL,2B,27,81,,4.7,26.4
"Walker, Christian",572233,109,AZ,1B,32,254,1.0,4.72,26.4
"Torres, Gleyber",650402,147,NYY,2B,26,224,,4.61,26.4
"Goldschmidt, Paul",502671,138,STL,1B,35,209,,4.58,26.4
"Alvarez, Francisco",682626,121,NYM,C,21,141,,4.57,26.4
"Pederson, Joc",592626,137,SF,DH,31,109,,4.52,26.4
"Anderson, Brian",605119,158,MIL,3B,30,114,,4.63,26.4
"Suárez, Eugenio",553993,136,SEA,3B,31,153,,4.71,26.4
"Rodgers, Brendan",663898,115,COL,2B,26,87,,4.59,26.3
"Pratto, Nick",668472,118,KC,1B,24,91,,4.5,26.3
"Bregman, Alex",608324,117,HOU,3B,29,251,,4.57,26.3
"Cooper, Garrett",643265,135,SD,1B,32,132,,4.64,26.3
"Machado, Manny",592518,135,SD,3B,30,174,,4.67,26.3
"Alvarez, Yordan",670541,117,HOU,DH,26,133,,4.58,26.3
"Vientos, Mark",668901,121,NYM,DH,23,68,,4.75,26.3
"Seager, Corey",608369,140,TEX,SS,29,223,,4.67,26.2
"Olson, Matt",621566,144,ATL,1B,29,212,,4.64,26.2
"Urshela, Gio",570482,108,LAA,3B,31,96,,4.44,26.2
"Kemp, Tony",643393,133,OAK,LF,31,166,,4.39,26.2
"Bailey, Patrick",672275,137,SF,C,24,113,,4.65,26.2
"Yoshida, Masataka",807799,111,BOS,LF,29,280,,4.36,26.2
"Longoria, Evan",446334,109,AZ,3B,37,74,,4.76,26.2
"Belt, Brandon",474832,141,TOR,DH,35,80,,4.6,26.2
"Gomes, Yan",543228,112,CHC,C,35,138,,4.64,26.2
"Arraez, Luis",650333,146,MIA,2B,26,269,,4.57,26.1
"Smith, Pavin",656976,109,AZ,DH,27,70,,4.62,26.2
"McCann, James",543510,110,BAL,C,33,63,,4.76,26.1
"d'Arnaud, Travis",518595,144,ATL,C,34,101,,4.72,26.1
"Conforto, Michael",624424,137,SF,RF,30,150,,4.62,26.1
"Paredes, Isaac",670623,139,TB,3B,24,152,,4.74,26.1
"Martinez, J.D.",502110,119,LAD,DH,35,129,,4.7,26.1
"Wade Jr., LaMonte",664774,137,SF,1B,29,146,,4.62,26.0
"Murphy, Tom",608596,136,SEA,C,32,54,,4.76,26.0
"Urías, Luis",649966,111,BOS,2B,26,61,,4.69,26.0
"Devers, Rafael",646240,111,BOS,3B,26,224,,4.54,26.0
"Alonso, Pete",624413,121,NYM,1B,28,189,,4.64,26.0
"Díaz, Aledmys",649557,133,OAK,SS,32,134,,4.48,26.0
"Maile, Luke",571912,113,CIN,C,32,71,,4.67,26.0
"Murphy, Sean",669221,144,ATL,C,28,137,,4.66,26.0
"Bell, Josh",605137,146,MIA,DH,30,215,,4.69,25.9
"Santana, Carlos",467793,158,MIL,1B,37,220,,4.59,25.9
"McGuire, Reese",624512,111,BOS,C,28,83,,4.52,25.9
"Arcia, Orlando",606115,144,ATL,SS,28,246,,4.67,25.9
"Knizner, Andrew",668800,138,STL,C,28,80,,4.77,25.9
"McMahon, Ryan",641857,115,COL,3B,28,193,,4.62,25.8
"Naylor, Josh",647304,114,CLE,1B,26,182,,4.66,25.8
"Heim, Jonah",641680,140,TEX,C,28,177,,4.77,25.8
"Davis, J.D.",605204,137,SF,3B,30,185,,4.8,25.8
"Crawford, Brandon",543063,137,SF,SS,36,104,,4.53,25.8
"Pasquantino, Vinnie",686469,118,KC,1B,25,83,,4.64,25.8
"Smith, Dominic",642086,120,WSH,1B,28,216,,4.56,25.8
"Campusano, Luis",669134,135,SD,C,24,71,,4.93,25.8
"Garver, Mitch",641598,140,TEX,DH,32,95,,4.75,25.7
"Kelly, Carson",608348,116,DET,C,28,50,,4.79,25.7
"LeMahieu, DJ",518934,147,NYY,3B,34,221,,4.83,25.7
"Burleson, Alec",676475,138,STL,LF,24,134,,4.6,25.6
"Meneses, Joey",608841,120,WSH,DH,31,265,,4.77,25.6
"Votto, Joey",458015,113,CIN,1B,39,67,,4.73,25.6
"Profar, Jurickson",595777,135,SD,LF,30,185,,4.61,25.6
"Higashioka, Kyle",543309,147,NYY,C,33,80,,4.81,25.6
"Abreu, José",547989,117,HOU,1B,36,210,,4.76,25.5
"Vaughn, Andrew",683734,145,CWS,1B,25,207,,4.79,25.5
"Mancini, Trey",641820,112,CHC,1B,31,87,,4.87,25.4
"Gallagher, Cam",595956,114,CLE,C,30,52,,4.86,25.4
"Solano, Donovan",456781,142,MIN,1B,35,141,,4.75,25.4
"Diaz, Jordan",672478,133,OAK,3B,22,118,,4.81,25.3
"Turner, Justin",457759,111,BOS,DH,38,206,,4.83,25.2
"Moustakas, Mike",519058,108,LAA,3B,34,110,,4.8,25.2
"Ruiz, Keibert",660688,120,WSH,C,24,208,,4.78,25.1
"Calhoun, Willie",641432,147,NYY,DH,28,50,,4.82,25.1
"Díaz, Elias",553869,115,COL,C,32,168,,4.8,25.0
"Vázquez, Christian",543877,142,MIN,C,32,114,,4.78,25.0
"Caratini, Victor",605170,158,MIL,C,29,77,,4.83,25.0
"France, Ty",664034,136,SEA,1B,28,224,,4.87,25.0
"Cron, C.J.",543068,108,LAA,1B,33,92,,4.81,25.0
"Schwarber, Kyle",656941,143,PHI,LF,30,178,,4.69,25.0
"Arenado, Nolan",571448,138,STL,3B,32,193,,4.77,24.9
"Donaldson, Josh",518626,158,MIL,3B,37,56,,4.79,24.9
"Casas, Triston",671213,111,BOS,1B,23,134,,4.71,24.9
"Sánchez, Gary",596142,135,SD,C,30,69,,4.89,24.9
"Thaiss, Matt",642136,108,LAA,C,28,85,,4.85,24.7
"Rizzo, Anthony",519203,147,NYY,1B,33,106,,4.77,24.7
"Ford, Mike",645801,136,SEA,DH,30,52,,4.88,24.5
"Hedges, Austin",595978,140,TEX,C,30,53,,5.03,24.5
"Stanton, Giancarlo",519317,147,NYY,DH,33,109,,5.02,24.4
"Flores, Wilmer",527038,137,SF,1B,31,120,,4.9,24.4
"Trevino, Jose",624431,147,NYY,C,30,77,,4.86,24.4
"Perez, Salvador",521692,118,KC,C,33,147,,4.93,24.3
"Kirk, Alejandro",672386,141,TOR,C,24,160,,4.93,23.7
"Vogelbach, Daniel",596129,121,NYM,DH,30,78,,4.93,23.6
"Stallings, Jacob",607732,146,MIA,C,33,95,,5.07,23.6
"Winker, Jesse",608385,158,MIL,DH,29,51,,5.02,23.5
"Tellez, Rowdy",642133,158,MIL,1B,28,80,,4.87,23.5
"Maldonado, Martín",455117,117,HOU,C,36,86,,5.05,23.2
"Cabrera, Miguel",408234,116,DET,DH,40,127,,5.09,23.1
"Grandal, Yasmani",518735,145,CWS,C,34,129,,5.14,22.8
"Fitzgerald, Tyler",666149,137,SF,SS,26,99,47.0,4.3,30.0
"Crow-Armstrong, Pete",691718,112,CHC,CF,22,149,72.0,4.1,30.0
"Scott II, Victor",687363,138,STL,CF,23,62,27.0,4.13,30.0
"DeLuca, Jonny",676356,139,TB,RF,25,117,44.0,4.22,29.8
"Langford, Wyatt",694671,140,TEX,LF,22,195,63.0,4.25,29.8
"Chourio, Jackson",694192,158,MIL,LF,20,245,84.0,4.19,29.7
"Hill, Derek",656537,146,MIA,CF,28,58,22.0,4.23,29.5
"Mitchell, Garrett",669003,158,MIL,CF,25,87,18.0,4.1,29.5
"Holliday, Jackson",702616,110,BAL,2B,20,72,9.0,4.22,29.4
"Hamilton, David",666152,111,BOS,SS,26,106,18.0,4.09,29.4
"Norby, Connor",681393,146,MIA,3B,24,54,6.0,4.38,29.3
"Crews, Dylan",686611,120,WSH,RF,22,55,,4.23,29.3
"Meadows, Parker",678009,116,DET,CF,24,106,14.0,4.18,29.3
"Gonzalez, Romy",663853,111,BOS,,27,93,8.0,4.29,28.9
"Cruz, Oneil",665833,134,PIT,SS,25,187,33.0,4.26,28.8
"Loperfido, Joey",694388,141,TOR,LF,25,87,6.0,4.32,28.8
"Winn, Masyn",691026,138,STL,SS,22,240,27.0,4.22,28.8
"Rafaela, Ceddanne",678882,111,BOS,CF,23,212,2.0,4.17,28.8
"Adell, Jo",666176,108,LAA,RF,25,127,11.0,4.46,28.8
"Lopez, Otto",672640,146,MIA,2B,25,199,,4.21,28.7
"Wade, Tyler",642180,135,SD,3B,29,57,3.0,4.23,28.7
"Wood, James",695578,120,WSH,LF,21,118,21.0,4.18,28.7
"Ortiz, Joey",687401,158,MIL,3B,25,210,7.0,4.28,28.7
"Alexander, Blaze",677942,109,AZ,SS,25,75,2.0,4.32,28.6
"Beck, Jordan",687597,115,COL,LF,23,58,,4.35,28.6
"Iglesias, Jose",578428,121,NYM,2B,34,150,1.0,4.17,28.6
"Merrill, Jackson",701538,135,SD,CF,21,213,,4.25,28.5
"Pache, Cristian",665506,146,MIA,CF,25,57,,4.41,28.5
"Lee, Jung Hoo",808982,137,SF,CF,25,63,,4.15,28.4
"Clement, Ernie",676391,141,TOR,3B,28,187,4.0,4.29,28.4
"Edwards, Xavier",669364,146,MIA,SS,24,131,4.0,4.14,28.4
"Cameron, Daz",663662,133,OAK,LF,27,67,,4.48,28.4
"Siani, Michael",672279,138,STL,CF,24,131,1.0,4.3,28.3
"Schneemann, Daniel",682177,114,CLE,SS,27,71,,4.36,28.3
"Pages, Andy",681624,119,LAD,CF,23,143,,4.43,28.3
"Martin, Austin",668885,142,MIN,CF,25,106,,4.41,28.3
"Cowser, Colton",681297,110,BAL,LF,24,190,1.0,4.23,28.2
"Pérez, Wenceel",672761,116,DET,RF,24,142,1.0,4.33,28.2
"Stowers, Kyle",669065,146,MIA,LF,26,64,,4.38,28.2
"Tena, José",677588,120,WSH,3B,23,61,,4.23,28.1
"Noel, Jhonkensy",678877,114,CLE,RF,22,59,,4.46,28.1
"Moore, Dylan",664238,136,SEA,SS,31,109,,4.38,28.0
"Goodman, Hunter",696100,115,COL,C,24,70,,4.47,28.0
"Stubbs, Garrett",596117,143,PHI,C,31,52,,4.4,28.0
"Jiménez, Leo",677870,141,TOR,SS,23,58,,4.46,28.0
"Barger, Addison",680718,141,TOR,3B,24,75,,4.29,28.0
"Toro, Abraham",647351,133,OAK,3B,27,140,,4.28,27.9
"Ramos, Heliot",671218,137,SF,CF,24,191,1.0,4.45,27.9
"Palacios, Richie",680700,139,TB,2B,27,92,,4.28,27.9
"Schuemann, Max",680474,133,OAK,SS,27,148,,4.37,27.8
"Wisely, Brett",689172,137,SF,2B,25,93,,4.36,27.8
"Keith, Colt",690993,116,DET,2B,22,203,,4.32,27.7
"Loftin, Nick",679845,118,KC,2B,25,72,,4.55,27.7
"Lux, Gavin",666158,119,LAD,2B,26,184,1.0,4.28,27.7
"Butler, Lawrence",671732,133,OAK,RF,23,155,,4.39,27.6
"Gordon, Nick",624503,146,MIA,LF,28,118,,4.37,27.6
"Martínez, Angel",682657,114,CLE,CF,22,79,,4.39,27.6
"Lee, Korey",686676,145,CWS,C,25,135,,4.58,27.6
"Abreu, Wilyer",677800,111,BOS,RF,25,138,,4.38,27.5
"Bruján, Vidal",660644,146,MIA,SS,26,120,,4.37,27.5
"Lipscomb, Trey",702358,120,WSH,3B,24,109,,4.61,27.5
"Toglia, Michael",669911,115,COL,1B,25,118,,4.53,27.4
"Martini, Nick",605361,113,CIN,DH,34,55,,4.49,27.4
"Busch, Michael",683737,112,CHC,1B,26,184,,4.47,27.3
"Herrera, Iván",671056,138,STL,C,24,103,,4.56,27.3
"Schneider, Davis",676914,141,TOR,LF,25,109,,4.53,27.2
"Bart, Joey",663698,134,PIT,C,27,91,,4.61,27.0
"Soderstrom, Tyler",691016,133,OAK,1B,22,76,,4.51,27.0
"Bride, Jonah",681146,146,MIA,1B,28,101,,4.52,26.9
"Rocchio, Brayan",677587,114,CLE,SS,23,179,,4.58,26.8
"Wells, Austin",669224,147,NYY,C,24,136,,4.56,26.7
"Yepez, Juan",660766,120,WSH,1B,26,116,,4.64,26.7
"Andujar, Miguel",609280,133,OAK,LF,29,148,,4.59,26.6
"Malloy, Justyn-Henry",669234,116,DET,DH,24,58,,4.66,26.6
"Caminero, Junior",691406,139,TB,3B,20,70,,4.61,26.4
"Fletcher, Dominic",666150,145,CWS,RF,26,79,,4.5,26.4
"Nevin, Tyler",663527,133,OAK,1B,27,91,,4.66,26.4
"Fry, David",681807,114,CLE,DH,28,128,,4.77,26.2
"Pagés, Pedro",686780,138,STL,C,25,69,,4.76,25.9
"Singleton, Jon",572138,117,HOU,1B,32,112,,4.65,25.9
"Chaparro, Andrés",665953,120,WSH,DH,25,50,,4.7,25.8
"Aranda, Jonathan",666018,139,TB,1B,26,56,,4.54,25.8
"Rortvedt, Ben",666163,139,TB,C,26,107,,4.7,25.6
"Lee, Brooks",686797,142,MIN,SS,23,69,,4.57,25.6
"Amaya, Miguel",665804,112,CHC,C,25,128,,4.75,25.5
"Hoskins, Rhys",656555,158,MIL,1B,31,122,,4.77,25.3
"Horwitz, Spencer",687462,141,TOR,2B,26,121,,4.82,25.2
"Guillorme, Luis",641645,109,AZ,2B,29,77,,4.67,24.7
